"","NAME","COURT","JUDICIAL POSITION","COURT ADDRESS","SIGNED DATE","EXCESS EXPENSE REIMBURSEMENT INSTANCE","EXCESS EXPENSE REIMBURSEMENT SOURCE","EXCESS EXPENSE REIMBURSEMENT AMOUNT"
"1","RALPH D. GANTS","SUPREME JUDICIAL COURT","ASSOC. JUSTICE","ONE PEMBERTON SQ. BOSTON, MA 02108-1750","2010-04-11",NA,NA,NA
"2","ROBERT J. CORDY","SUPREME JUDICIAL COURT","ASSOC. JUSTICE","ONE PEMBERTON SQ. BOSTON, MA 02108-1750","2010-04-12",NA,NA,NA
"3","MARGARET H. MARSHALL","SUPREME JUDICIAL COURT","CHIEF JUSTICE","ONE PEMBERTON SQ. BOSTON, MA 02108-1750","2010-03-09",NA,NA,NA
"4","RODERICK IRELAND","SUPREME JUDICIAL COURT","CHIEF JUSTICE","JOHNADAMS COURTHOUSE SUITE 2500 ONE PEMBERTON SQ BOSTON MA 02108","2010-04-13",NA,NA,NA
"5","JANICE M. BENNY","MASS APPEALS COURT","ASSOC. JUSTICE","ONE PEMBERTON SQ. BOSTON, MA 02108-1750","2010-04-08",NA,NA,NA
"6","FREDERICK L. BROWN","MASS APPEALS COURT","ASSOC. JUSTICE","ONE PEMBERTON SQ. BOSTON, MA 02108-1750","2010-04-03",NA,NA,NA
"7","CYNTHIA J. COHEN","MASS APPEALS COURT","ASSOC. JUSTICE","ONE PEMBERTON SQ. BOSTON, MA 02108-1750","2010-02-20",NA,NA,NA
"8","ROYA S. DREBEN","MASS APPEALS COURT","ASSOC. JUSTICE","ONE PEMBERTON SQ. BOSTON, MA 02108-1750","2010-03-19",NA,NA,NA
"9","FRANCIS R. FECTEAU","MASS APPEALS COURT","ASSOC. JUSTICE","ONE PEMBERTON SQ. BOSTON, MA 02108-1750","2010-02-15",NA,NA,NA
"10","HOU. AUDRE A. GELCUAS","MASS APPEALS COURT","ASSOC. JUSTICE","ONE PEMBERTON SQ. BOSTON, MA 02108-1750","2009-04-30",NA,NA,NA
"11","ANDREW GRAINGER","MASS APPEALS COURT","ASSOC. JUSTICE","ONE PEMBERTON SQ. BOSTON, MA 02108-1750","2010-02-01",NA,NA,NA
"12","JOSEPH A. GRASSO, JR.","MASS APPEALS COURT","JUSTICE","ONE PEMBERTON SQ. BOSTON, MA 02108-1752","2010-03-01",NA,NA,NA
"13","MARK V. GREEN","MASS APPEALS COURT","ASSOC. JUSTICE","ONE PEMBERTON SQ. BOSTON, MA 02108-1750","2010-02-01",NA,NA,NA
"14","SYDNEY HANLON","MASS APPEALS COURT","ASSOC. JUSTICE","ONE PEMBERTON SQ. BOSTON, MA 02108-1752","2010-04-14",NA,NA,NA
"15","SCOTT L. KATKER","MASS APPEALS COURT","ASSOC. JUSTICE","ONE PEMBERTON SQ. BOSTON, MA 02108-1752","2010-03-03",NA,NA,NA
"16","R. MARC KANTROWITZ","MASS APPEALS COURT","ASSOC. JUSTICE","ONE PEMBERTON SQ. BOSTON, MA 02108-1750","2010-03-06",NA,NA,NA
"17","BARBARA A. LENK","MASS APPEALS COURT","ASSOC. JUSTICE","ONE PEMBERTON SQ. BOSTON, MA 02108-1750","2010-04-13",NA,NA,NA
"18","JAMES F. MCHUGH","MASS APPEALS COURT","ASSOC. JUSTICE","ONE PEMBERTON SQ. BOSTON, MA 02108-1750","2010-04-12",NA,NA,NA
"19","PHILLIP RAPOZA","MASS APPEALS COURT","CHIEF JUSTICE","ONE PEMBERTON SQ. BOSTON, MA 02108-1751","2010-04-15",NA,NA,NA
"20","PETER J. RUBIN","MASS APPEALS COURT","ASSOC. JUSTICE","ONE PEMBERTON SQ. BOSTON, MA 02108-1750","2010-04-15",NA,NA,NA
"21","MITCHELL J. SIKORA, JR.","MASS APPEALS COURT","ASSOC. JUSTICE","ONE PEMBERTON SQ. BOSTON, MA 02108-1750","2010-03-28",NA,NA,NA
"22","RENT B. SMITH","MASS APPEALS COURT","ASSOC. JUSTICE","ONE PEMBERTON SQ. BOSTON, MA 02108-1750","2010-02-05",NA,NA,NA
"23","JOSEFH A. TRAINOR","MASS APPEALS COURT","ASSOC. JUSTICE","ONE PEMBERTON SQ. BOSTON, MA 02108-1750","2010-03-23",NA,NA,NA
"24","GABRIELLE R. WOLOHOJIAN","MASS APPEALS COURT","ASSOC. JUSTICE","ONE PEMBERTON SQ. BOSTON, MA 02108-1750","2010-02-01",NA,NA,NA
"25","ROBERT J. CORDY","SUPREME JUDICIAL COURT","ASSOC. JUSTICE","ONE PEMBERTON SQ. BOSTON, MA 02108-1750","2011-03-08",NA,NA,NA
"26","RODERICK IRELAND","SUPREME JUDICIAL COURT","CHIEF JUSTICE","JOHNADAMS COURTHOUSE SUITE 2500 ONE PEMBERTON SQ BOSTON MA 02108","2011-04-11",NA,NA,NA
"27","RALPH D. GANTS","SUPREME JUDICIAL COURT","ASSOC. JUSTICE","ONE PEMBERTON SQ. BOSTON, MA 02108-1750","2011-04-11",NA,NA,NA
"28","FRANCIS X. SPINA","SUPREME JUDICIAL COURT","ASSOC. JUSTICE","ONE PEMBERTON SQ. BOSTON, MA 02108-1750","2011-02-13",NA,NA,NA
"29","JANICE M. BENNY","MASS APPEALS COURT","ASSOC. JUSTICE","ONE PEMBERTON SQ. BOSTON, MA 02108-1750","2011-04-13",NA,NA,NA
"30","JUDD J. CARHART","MASS APPEALS COURT","JUDGE","JOHNADAMS COURTHOUSE SUITE 2500 ONE PEMBERTON SQ BOSTON MA 02108","2011-03-19",NA,NA,NA
"31","CYNTHIA J. COHEN","MASS APPEALS COURT","ASSOC. JUSTICE","JOHNADAMS COURTHOUSE ONE PEMBERTON SQ BOSTON MA 02108","2011-03-06",NA,NA,NA
"32","FRANCIS R. FECTEAU","MASS APPEALS COURT","JUSTICE","ONE PEMBERTON SQ. BOSTON, MA 02108-1750","2011-02-12",NA,NA,NA
"33","ROBERT M. GRAHAM","MASS APPEALS COURT","ASSOC. JUSTICE","ONE PEMBERTON SQ. BOSTON, MA 02108-1750","2011-04-08",NA,NA,NA
"34","ANDREW GRAINGER","MASS APPEALS COURT","ASSOC. JUSTICE","ONE PEMBERTON SQ. BOSTON, MA 02108-1751","2011-02-01",NA,NA,NA
"35","JOSEPH A. GRASSO, JR.","MASS APPEALS COURT","JUSTICE","ONE PEMBERTON SQ. BOSTON, MA 02108-1752","2011-02-14",NA,NA,NA
"36","SYDNEY HANLON","MASS APPEALS COURT","ASSOC. JUSTICE","ONE PEMBERTON SQ. BOSTON, MA 02108-1752","2011-04-05",NA,NA,NA
"37","SCOTT L. KATKER","MASS APPEALS COURT","ASSOC. JUSTICE","ONE PEMBERTON SQ. BOSTON, MA 02108-1752","2011-04-12",NA,NA,NA
"38","R. MARC KANTROWITZ","MASS APPEALS COURT","ASSOC. JUSTICE","ONE PEMBERTON SQ. BOSTON, MA 02108-1753","2011-03-05",NA,NA,NA
"39","BARBARA A. LENK","SUPREME JUDICIAL COURT","ASSOCIATE JUSTICE","JOHNADAMS COURTHOUSE SUITE 2500 ONE PEMBERTON SQ BOSTON MA 02108","2011-04-14",NA,NA,NA
"40","PHILLIP RAPOZA","MASS APPEALS COURT","CHIEF JUSTICE","JOHNADAMS COURTHOUSE ONE PEMBERTON SQ BOSTON MA 02109","2011-04-13",NA,NA,NA
"41","PETER J. RUBIN","MASS APPEALS COURT","ASSOC. JUSTICE","JOHNADAMS COURTHOUSE ONE PEMBERTON SQ BOSTON MA 02108","2011-04-15",NA,NA,NA
"42","MITCHELL J. SIKORA, JR.","MASS APPEALS COURT","ASSOC. JUSTICE","JOHNADAMS COURTHOUSE ONE PEMBERTON SQ BOSTON MA 02108","2011-03-30",NA,NA,NA
"43","KENT B. SMITH","MASS APPEALS COURT",NA,"JOHNADAMS COURTHOUSE ONE PEMBERTON SQ BOSTON MA 02108","2011-02-08",NA,NA,NA
"44","JOSEFH A. TRAINOR","MASS APPEALS COURT","ASSOC. JUSTICE","JOHNADAMS COURTHOUSE ONE PEMBERTON SQ BOSTON MA 02108","2011-03-14",NA,NA,NA
"45","ARIANE D. VUONO","MASS APPEALS COURT","ASSOC. JUSTICE","JOHNADAMS COURTHOUSE ONE PEMBERTON SQ BOSTON MA 02108","2011-04-13",NA,NA,NA
"46","GABRIELLE R. WOLOHOJIAN","MASS APPEALS COURT","ASSOC. JUSTICE","JOHNADAMS COURTHOUSE ONE PEMBERTON SQ BOSTON MA 02109","2011-03-18",NA,NA,NA
"47","FERNANDE R.V. DUFFLY","SUPREME JUDICIAL COURT","ASSOCIATE JUSTICE","ADAMS COURTHOUSE 1 PEMBERTON SQ BOSTON MA02108","2012-01-10","-",NA,NA
"48","BARBARA A. LENK","SUPREME JUDICIAL COURT","ASSOCIATE JUSTICE","JOHNADAMS COURTHOUSE SUITE 2500 ONE PEMBERTON SQ BOSTON MA 02108","2012-04-12",NA,NA,NA
"49","ROBERT J. CORDY","SUPREME JUDICIAL COURT","ASSOCIATE JUSTICE","ONE PEMBERTON SQ. BOSTON, MA 02108-1750","2012-04-06",NA,NA,NA
"50","RODERICK IRELAND","SUPREME JUDICIAL COURT","CHIEF JUSTICE","JOHNADAMS COURTHOUSE SUITE 2500 ONE PEMBERTON SQ BOSTON MA 02108","2012-03-15",NA,NA,NA
"51","FRANCIS X. SPINA","SUPREME JUDICIAL COURT","ASSOC. JUSTICE","ONE PEMBERTON SQ. BOSTON, MA 02108-1750","2012-01-22",NA,NA,NA
"52","RALPH D. GANTS","SUPREME JUDICIAL COURT","ASSOC. JUSTICE","ONE PEMBERTON SQ. BOSTON, MA 02108-1750","2012-04-10",NA,NA,NA
"53","JANICE M. BENNY","MASS APPEALS COURT","ASSOC. JUSTICE","John Adams Courthouse","2012-04-12",NA,NA,NA
"54","FREDERICK L. BROWN","MASS APPEALS COURT","ASSOC. JUSTICE","John Adams Courthouse","2012-05-16",NA,NA,NA
"55","JUDD J. CARHART","MASS APPEALS COURT","JUDGE","John Adams Courthouse","2012-03-31",NA,NA,NA
"56","CYNTHIA J. COHEN","MASS APPEALS COURT","ASSOC. JUSTICE","JOHNADAMS COURTHOUSE ONE PEMBERTON SQ BOSTON MA 02108","2012-03-24",NA,NA,NA
"57","ANDRE A. GELINAS","MASS APPEALS COURT","ASSOC. JUSTICE, RECALL","JOHNADAMS COURTHOUSE SUITE3500 ONE PEMBERTON SQ BOSTON MA 02108","2012-05-04",NA,NA,NA
"58","HON. ROBERT M. GRAHAM","MASS APPEALS COURT","ASSOC. JUSTICE","John Adams Courthouse","2012-04-27",NA,NA,NA
"59","ANDREW GRAINGER","MASS APPEALS COURT","ASSOC. JUSTICE","One Pemberton Square","2012-01-10",NA,NA,NA
"60","JOSEPH A. GRASSO, JR.","MASS APPEALS COURT","JUSTICE","One Pemberton Square, SUITE 3-500","2012-02-07",NA,NA,NA
"61","SYDNEY HANLON","MASS APPEALS COURT","ASSOC. JUSTICE","JOHNADAMS COURTHOUSE ONE PEMBERTON SQ BOSTON MA 02108","2012-04-13",NA,NA,NA
"62","SCOTT L. KATKER","MASS APPEALS COURT","ASSOC. JUSTICE","One Pemberton Square,","2012-04-11",NA,NA,NA
"63","R. MARC KANTROWITZ","MASS APPEALS COURT","ASSOC. JUSTICE","JOHNADAMS COURTHOUSE ONE PEMBERTON SQ BOSTON MA 02108","2012-03-25",NA,NA,NA
"64","JAMES F. MCHUGH","MASS APPEALS COURT","ASSOC. JUSTICE","JOHNADAMS COURTHOUSE ONE PEMBERTON SQ BOSTON MA 02108","2012-03-14",NA,NA,NA
"65","WILLIAM J. MEADE","MASS APPEALS COURT","ASSOC. JUSTICE","JOHNADAMS COURTHOUSE ONE PEMBERTON SQ BOSTON MA 02109","2012-01-27",NA,NA,NA
"66","PHILLIP RAPOZA","MASS APPEALS COURT","CHIEF JUSTICE","JOHNADAMS COURTHOUSE ONE PEMBERTON SQ BOSTON MA 02109","2012-04-12",NA,NA,NA
"67","PETER J. RUBIN","MASS APPEALS COURT","ASSOC. JUSTICE","JOHNADAMS COURTHOUSE ONE PEMBERTON SQ BOSTON MA 02108","2012-04-09",NA,NA,NA
"68","MITCHELL J. SIKORA, JR.","MASS APPEALS COURT","ASSOC. JUSTICE","JOHNADAMS COURTHOUSE ONE PEMBERTON SQ BOSTON MA 02108","2012-04-10",NA,NA,NA
"69","KENT B. SMITH","MASS APPEALS COURT",NA,"JOHNADAMS COURTHOUSE ONE PEMBERTON SQ BOSTON MA 02108","2012-02-10",NA,NA,NA
"70","JOSEFH A. TRAINOR","MASS APPEALS COURT","ASSOC. JUSTICE","JOHNADAMS COURTHOUSE ONE PEMBERTON SQ BOSTON MA 02108","2012-04-04",NA,NA,NA
"71","ROBERT J. CORDY","SUPREME JUDICIAL COURT","ASSOC. JUSTICE","ONE PEMBERTON SQ. BOSTON, MA 02108-1750","2013-02-25",NA,NA,NA
"72","FRANCIS X. SPINA","SUPREME JUDICIAL COURT","ASSOC. JUSTICE","ONE PEMBERTON SQ. BOSTON, MA 02108-1750","2013-06-10",NA,NA,NA
"73","RODERICK IRELAND","SUPREME JUDICIAL COURT","CHIEF JUSTICE","JOHNADAMS COURTHOUSE SUITE 2500 ONE PEMBERTON SQ BOSTON MA 02108","2013-04-15",NA,NA,NA
"74","BARBARA A. LENK","SUPREME JUDICIAL COURT","ASSOC. JUSTICE","JOHNADAMS COURTHOUSE SUITE 2500 ONE PEMBERTON SQ BOSTON MA 02108","2013-04-08",NA,NA,NA
"75","RALPH D. GANTS","SUPREME JUDICIAL COURT","ASSOC. JUSTICE","ONE PEMBERTON SQ. BOSTON, MA 02108-1750","2013-03-09",NA,NA,NA
"76","PETER W. AGNESS JR.","MASS APPEALS COURT","ASSOC. JUSTICE","JOHNADAMS COURTHOUSE SUITE 2500 ONE PEMBERTON SQ BOSTON MA 02108","2013-04-13",NA,NA,NA
"77","JANICE M. BENNY","MASS APPEALS COURT","ASSOC. JUSTICE","John Adams Courthouse","2013-04-11",NA,NA,NA
"78","FREDERICK L. BROWN","MASS APPEALS COURT","JUSTICE","ONE PEMBERTON SQ. BOSTON, MA 02108-1750","2013-04-04",NA,NA,NA
"79","JUDD J. CARHART","MASS APPEALS COURT",NA,"John Adams Courthouse","2013-03-22",NA,NA,NA
"80","CYNTHIA J. COHEN","MASS APPEALS COURT","ASSOC. JUSTICE","ONE PEMBERTON SQ. BOSTON, MA 02108-1750","2013-01-29",NA,NA,NA
"81","HOU. AUDRE A. GELCUAS","MASS APPEALS COURT","ASSOC. JUSTICE (RECALL)","JOHNADAMS COURTHOUSE SUITE 2500 ONE PEMBERTON SQ BOSTON MA 02108","2013-04-10",NA,NA,NA
"82","ROBERT M. GRAHAM","MASS APPEALS COURT","ASSOC. JUSTICE","ONE PEMBERTON SQ. BOSTON, MA 02108-1750","2013-04-09",NA,NA,NA
"83","ANDREW GRAINGER","MASS APPEALS COURT","ASSOC. JUSTICE","ONE PEMBERTON SQ. BOSTON, MA 02108-1751","2013-01-23",NA,NA,NA
"84","JOSEPH A. GRASSO, JR.","MASS APPEALS COURT","JUSTICE","ONE PEMBERTON SQ. BOSTON, MA 02108-1752","2013-02-04",NA,NA,NA
"85","SYDNEY HANLON","MASS APPEALS COURT","ASSOC. JUSTICE","ONE PEMBERTON SQ. BOSTON, MA 02108-1752","2013-04-10",NA,NA,NA
"86","SCOTT L. KATKER","MASS APPEALS COURT","ASSOC. JUSTICE","ONE PEMBERTON SQ. BOSTON, MA 02108-1752","2013-04-10",NA,NA,NA
"87","R. MARC KANTROWITZ","MASS APPEALS COURT","ASSOC. JUSTICE","ONE PEMBERTON SQ. BOSTON, MA 02108-1752","2013-03-08",NA,NA,NA
"88","JAMES F. MCHUGH","MASS APPEALS COURT","ASSOC. JUSTICE","ONE PEMBERTON SQ. BOSTON, MA 02108-1753","2013-04-05",NA,NA,NA
"89","WILLIAM J. MEADE","MASS APPEALS COURT","ASSOC. JUSTICE","ONE PEMBERTON SQ. BOSTON, MA 02108-1753","2013-03-01",NA,NA,NA
"90","PHILLIP RAPOZA","MASS APPEALS COURT","CHIEF JUSTICE","ONE PEMBERTON SQ. BOSTON, MA 02108","2013-04-01",NA,NA,NA
"91","PETER J. RUBIN","MASS APPEALS COURT","ASSOC. JUSTICE","JOHNADAMS COURTHOUSE ONE PEMBERTON SQ BOSTON MA 02108","2013-04-02",NA,NA,NA
"92","MITCHELL J. SIKORA, JR.","MASS APPEALS COURT","ASSOC. JUSTICE","JOHNADAMS COURTHOUSE ONE PEMBERTON SQ BOSTON MA 02108","2012-03-25",NA,NA,NA
"93","JOSEFH A. TRAINOR","MASS APPEALS COURT","ASSOC. JUSTICE","JOHNADAMS COURTHOUSE ONE PEMBERTON SQ BOSTON MA 02108","2013-04-12",NA,NA,NA
"94","ROBERT J. CORDY","SUPREME JUDICIAL COURT","JUSTICE","ONE PEMBERTON SQ. BOSTON, MA 02108-1750","2014-04-01",NA,NA,NA
"95","RODERICK IRELAND","SUPREME JUDICIAL COURT",NA,"JOHNADAMS COURTHOUSE SUITE 2500 ONE PEMBERTON SQ BOSTON MA 02108","2014-04-15",NA,NA,NA
"96","BARBARA A. LENK","SUPREME JUDICIAL COURT","ASSOC. JUSTICE","JOHNADAMS COURTHOUSE SUITE 2500 ONE PEMBERTON SQ BOSTON MA 02108","2014-04-06",NA,NA,NA
"97","FRANCIS X. SPINA","SUPREME JUDICIAL COURT","ASSOC. JUSTICE","ONE PEMBERTON SQ. BOSTON, MA 02108-1750","2014-01-21",NA,NA,NA
"98","RALPH D. GANTS","SUPREME JUDICIAL COURT","ASSOC. JUSTICE","ONE PEMBERTON SQ. BOSTON, MA 02108-1750","2014-04-02",NA,NA,NA
"99","PETER W. AGNESS JR.","MASS APPEALS COURT","ASSOC. JUSTICE","JOHNADAMS COURTHOUSE SUITE 2500 ONE PEMBERTON SQ BOSTON MA 02108","2014-03-17",NA,NA,NA
"100","JANICE M. BENNY","MASS APPEALS COURT","ASSOC. JUSTICE","John Adams Courthouse","2014-04-14",NA,NA,NA
"101","FREDERICK L. BROWN","MASS APPEALS COURT","JUSTICE","ONE PEMBERTON SQ. BOSTON, MA 02108-1750","2014-04-07",NA,NA,NA
"102","JUDD J. CARHART","MASS APPEALS COURT",NA,"John Adams Courthouse","2014-03-23",NA,NA,NA
"103","CYNTHIA J. COHEN","MASS APPEALS COURT","ASSOC. JUSTICE","JOHNADAMS COURTHOUSE ONE PEMBERTON SQ BOSTON MA 02108","2014-02-05",NA,NA,NA
"104","ROBERT M. GRAHAM","MASS APPEALS COURT","ASSOC. JUSTICE","ONE PEMBERTON SQ. BOSTON, MA 02108-1750","2014-04-02",NA,NA,NA
"105","ANDREW GRAINGER","MASS APPEALS COURT","ASSOC. JUSTICE","ONE PEMBERTON SQ. BOSTON, MA 02108-1751","2014-01-13",NA,NA,NA
"106","JOSEPH A. GRASSO, JR.","MASS APPEALS COURT","JUSTICE","ONE PEMBERTON SQ. BOSTON, MA 02108-1752","2014-02-03",NA,NA,NA
"107","SYDNEY HANLON","MASS APPEALS COURT","ASSOC. JUSTICE","ONE PEMBERTON SQ. BOSTON, MA 02108-1752","2014-04-11",NA,NA,NA
"108","SCOTT L. KATKER","MASS APPEALS COURT","ASSOC. JUSTICE","ONE PEMBERTON SQ. BOSTON, MA 02108-1752","2014-04-10",NA,NA,NA
"109","R. MARC KANTROWITZ","MASS APPEALS COURT","ASSOC. JUSTICE","ONE PEMBERTON SQ. BOSTON, MA 02108-1752","2014-03-04",NA,NA,NA
"110","WILLIAM J. MEADE","MASS APPEALS COURT","ASSOC. JUSTICE","ONE PEMBERTON SQ. BOSTON, MA 02108-1753","2014-03-19",NA,NA,NA
"111","PHILLIP RAPOZA","MASS APPEALS COURT","CHIEF JUSTICE","JOHNADAMS COURTHOUSE ONE PEMBERTON SQ BOSTON MA 02109","2014-04-12",NA,NA,NA
"112","PETER J. RUBIN","MASS APPEALS COURT","ASSOC. JUSTICE","JOHNADAMS COURTHOUSE ONE PEMBERTON SQ BOSTON MA 02108","2014-01-28",NA,NA,NA
"113","MITCHELL J. SIKORA, JR.","MASS APPEALS COURT","ASSOC. JUSTICE","JOHNADAMS COURTHOUSE ONE PEMBERTON SQ BOSTON MA 02108","2014-03-02",NA,NA,NA
"114","GABRIELLE R. WOLOHOJIAN","MASS APPEALS COURT","ASSOC. JUSTICE","JOHNADAMS COURTHOUSE ONE PEMBERTON SQ BOSTON MA 02109","2014-01-13",NA,NA,NA
"115","RALPH D. GANTS","SUPREME JUDICIAL COURT","ASSOC. JUSTICE","ONE PEMBERTON SQ. BOSTON, MA 02108-1750","2010-04-11",NA,NA,NA
"116","ROBERT J. CORDY","SUPREME JUDICIAL COURT","ASSOC. JUSTICE","ONE PEMBERTON SQ. BOSTON, MA 02108-1750","2010-04-12",NA,NA,NA
"117","MARGARET H. MARSHALL","SUPREME JUDICIAL COURT","CHIEF JUSTICE","ONE PEMBERTON SQ. BOSTON, MA 02108-1750","2010-03-09",NA,NA,NA
"118","RODERICK IRELAND","SUPREME JUDICIAL COURT","CHIEF JUSTICE","JOHNADAMS COURTHOUSE SUITE 2500 ONE PEMBERTON SQ BOSTON MA 02108","2010-04-13",NA,NA,NA
"119","JANICE M. BENNY","MASS APPEALS COURT","ASSOC. JUSTICE","ONE PEMBERTON SQ. BOSTON, MA 02108-1750","2010-04-08",NA,NA,NA
"120","FREDERICK L. BROWN","MASS APPEALS COURT","ASSOC. JUSTICE","ONE PEMBERTON SQ. BOSTON, MA 02108-1750","2010-04-03",NA,NA,NA
"121","CYNTHIA J. COHEN","MASS APPEALS COURT","ASSOC. JUSTICE","ONE PEMBERTON SQ. BOSTON, MA 02108-1750","2010-02-20",NA,NA,NA
"122","ROYA S. DREBEN","MASS APPEALS COURT","ASSOC. JUSTICE","ONE PEMBERTON SQ. BOSTON, MA 02108-1750","2010-03-19",NA,NA,NA
"123","FRANCIS R. FECTEAU","MASS APPEALS COURT","ASSOC. JUSTICE","ONE PEMBERTON SQ. BOSTON, MA 02108-1750","2010-02-15",NA,NA,NA
"124","HOU. AUDRE A. GELCUAS","MASS APPEALS COURT","ASSOC. JUSTICE","ONE PEMBERTON SQ. BOSTON, MA 02108-1750","2009-04-30",NA,NA,NA
"125","ANDREW GRAINGER","MASS APPEALS COURT","ASSOC. JUSTICE","ONE PEMBERTON SQ. BOSTON, MA 02108-1750","2010-02-01",NA,NA,NA
"126","JOSEPH A. GRASSO, JR.","MASS APPEALS COURT","JUSTICE","ONE PEMBERTON SQ. BOSTON, MA 02108-1752","2010-03-01",NA,NA,NA
"127","MARK V. GREEN","MASS APPEALS COURT","ASSOC. JUSTICE","ONE PEMBERTON SQ. BOSTON, MA 02108-1750","2010-02-01",NA,NA,NA
"128","SYDNEY HANLON","MASS APPEALS COURT","ASSOC. JUSTICE","ONE PEMBERTON SQ. BOSTON, MA 02108-1752","2010-04-14",NA,NA,NA
"129","SCOTT L. KATKER","MASS APPEALS COURT","ASSOC. JUSTICE","ONE PEMBERTON SQ. BOSTON, MA 02108-1752","2010-03-03",NA,NA,NA
"130","R. MARC KANTROWITZ","MASS APPEALS COURT","ASSOC. JUSTICE","ONE PEMBERTON SQ. BOSTON, MA 02108-1750","2010-03-06",NA,NA,NA
"131","BARBARA A. LENK","MASS APPEALS COURT","ASSOC. JUSTICE","ONE PEMBERTON SQ. BOSTON, MA 02108-1750","2010-04-13",NA,NA,NA
"132","JAMES F. MCHUGH","MASS APPEALS COURT","ASSOC. JUSTICE","ONE PEMBERTON SQ. BOSTON, MA 02108-1750","2010-04-12",NA,NA,NA
"133","PHILLIP RAPOZA","MASS APPEALS COURT","CHIEF JUSTICE","ONE PEMBERTON SQ. BOSTON, MA 02108-1751","2010-04-15",NA,NA,NA
"134","PETER J. RUBIN","MASS APPEALS COURT","ASSOC. JUSTICE","ONE PEMBERTON SQ. BOSTON, MA 02108-1750","2010-04-15",NA,NA,NA
"135","MITCHELL J. SIKORA, JR.","MASS APPEALS COURT","ASSOC. JUSTICE","ONE PEMBERTON SQ. BOSTON, MA 02108-1750","2010-03-28",NA,NA,NA
"136","RENT B. SMITH","MASS APPEALS COURT","ASSOC. JUSTICE","ONE PEMBERTON SQ. BOSTON, MA 02108-1750","2010-02-05",NA,NA,NA
"137","JOSEFH A. TRAINOR","MASS APPEALS COURT","ASSOC. JUSTICE","ONE PEMBERTON SQ. BOSTON, MA 02108-1750","2010-03-23",NA,NA,NA
"138","GABRIELLE R. WOLOHOJIAN","MASS APPEALS COURT","ASSOC. JUSTICE","ONE PEMBERTON SQ. BOSTON, MA 02108-1750","2010-02-01",NA,NA,NA
"139","ROBERT J. CORDY","SUPREME JUDICIAL COURT","ASSOC. JUSTICE","ONE PEMBERTON SQ. BOSTON, MA 02108-1750","2011-03-08",NA,NA,NA
"140","RODERICK IRELAND","SUPREME JUDICIAL COURT","CHIEF JUSTICE","JOHNADAMS COURTHOUSE SUITE 2500 ONE PEMBERTON SQ BOSTON MA 02108","2011-04-11",NA,NA,NA
"141","RALPH D. GANTS","SUPREME JUDICIAL COURT","ASSOC. JUSTICE","ONE PEMBERTON SQ. BOSTON, MA 02108-1750","2011-04-11",NA,NA,NA
"142","FRANCIS X. SPINA","SUPREME JUDICIAL COURT","ASSOC. JUSTICE","ONE PEMBERTON SQ. BOSTON, MA 02108-1750","2011-02-13",NA,NA,NA
"143","JANICE M. BENNY","MASS APPEALS COURT","ASSOC. JUSTICE","ONE PEMBERTON SQ. BOSTON, MA 02108-1750","2011-04-13",NA,NA,NA
"144","JUDD J. CARHART","MASS APPEALS COURT","JUDGE","JOHNADAMS COURTHOUSE SUITE 2500 ONE PEMBERTON SQ BOSTON MA 02108","2011-03-19",NA,NA,NA
"145","CYNTHIA J. COHEN","MASS APPEALS COURT","ASSOC. JUSTICE","JOHNADAMS COURTHOUSE ONE PEMBERTON SQ BOSTON MA 02108","2011-03-06",NA,NA,NA
"146","FRANCIS R. FECTEAU","MASS APPEALS COURT","JUSTICE","ONE PEMBERTON SQ. BOSTON, MA 02108-1750","2011-02-12",NA,NA,NA
"147","ROBERT M. GRAHAM","MASS APPEALS COURT","ASSOC. JUSTICE","ONE PEMBERTON SQ. BOSTON, MA 02108-1750","2011-04-08",NA,NA,NA
"148","ANDREW GRAINGER","MASS APPEALS COURT","ASSOC. JUSTICE","ONE PEMBERTON SQ. BOSTON, MA 02108-1751","2011-02-01",NA,NA,NA
"149","JOSEPH A. GRASSO, JR.","MASS APPEALS COURT","JUSTICE","ONE PEMBERTON SQ. BOSTON, MA 02108-1752","2011-02-14",NA,NA,NA
"150","SYDNEY HANLON","MASS APPEALS COURT","ASSOC. JUSTICE","ONE PEMBERTON SQ. BOSTON, MA 02108-1752","2011-04-05",NA,NA,NA
"151","SCOTT L. KATKER","MASS APPEALS COURT","ASSOC. JUSTICE","ONE PEMBERTON SQ. BOSTON, MA 02108-1752","2011-04-12",NA,NA,NA
"152","R. MARC KANTROWITZ","MASS APPEALS COURT","ASSOC. JUSTICE","ONE PEMBERTON SQ. BOSTON, MA 02108-1753","2011-03-05",NA,NA,NA
"153","BARBARA A. LENK","SUPREME JUDICIAL COURT","ASSOCIATE JUSTICE","JOHNADAMS COURTHOUSE SUITE 2500 ONE PEMBERTON SQ BOSTON MA 02108","2011-04-14",NA,NA,NA
"154","PHILLIP RAPOZA","MASS APPEALS COURT","CHIEF JUSTICE","JOHNADAMS COURTHOUSE ONE PEMBERTON SQ BOSTON MA 02109","2011-04-13",NA,NA,NA
"155","PETER J. RUBIN","MASS APPEALS COURT","ASSOC. JUSTICE","JOHNADAMS COURTHOUSE ONE PEMBERTON SQ BOSTON MA 02108","2011-04-15",NA,NA,NA
"156","MITCHELL J. SIKORA, JR.","MASS APPEALS COURT","ASSOC. JUSTICE","JOHNADAMS COURTHOUSE ONE PEMBERTON SQ BOSTON MA 02108","2011-03-30",NA,NA,NA
"157","KENT B. SMITH","MASS APPEALS COURT",NA,"JOHNADAMS COURTHOUSE ONE PEMBERTON SQ BOSTON MA 02108","2011-02-08",NA,NA,NA
"158","JOSEFH A. TRAINOR","MASS APPEALS COURT","ASSOC. JUSTICE","JOHNADAMS COURTHOUSE ONE PEMBERTON SQ BOSTON MA 02108","2011-03-14",NA,NA,NA
"159","ARIANE D. VUONO","MASS APPEALS COURT","ASSOC. JUSTICE","JOHNADAMS COURTHOUSE ONE PEMBERTON SQ BOSTON MA 02108","2011-04-13",NA,NA,NA
"160","GABRIELLE R. WOLOHOJIAN","MASS APPEALS COURT","ASSOC. JUSTICE","JOHNADAMS COURTHOUSE ONE PEMBERTON SQ BOSTON MA 02109","2011-03-18",NA,NA,NA
"161","FERNANDE R.V. DUFFLY","SUPREME JUDICIAL COURT","ASSOCIATE JUSTICE","ADAMS COURTHOUSE 1 PEMBERTON SQ BOSTON MA02108","2012-01-10","-",NA,NA
"162","BARBARA A. LENK","SUPREME JUDICIAL COURT","ASSOCIATE JUSTICE","JOHNADAMS COURTHOUSE SUITE 2500 ONE PEMBERTON SQ BOSTON MA 02108","2012-04-12",NA,NA,NA
"163","ROBERT J. CORDY","SUPREME JUDICIAL COURT","ASSOCIATE JUSTICE","ONE PEMBERTON SQ. BOSTON, MA 02108-1750","2012-04-06",NA,NA,NA
"164","RODERICK IRELAND","SUPREME JUDICIAL COURT","CHIEF JUSTICE","JOHNADAMS COURTHOUSE SUITE 2500 ONE PEMBERTON SQ BOSTON MA 02108","2012-03-15",NA,NA,NA
"165","FRANCIS X. SPINA","SUPREME JUDICIAL COURT","ASSOC. JUSTICE","ONE PEMBERTON SQ. BOSTON, MA 02108-1750","2012-01-22",NA,NA,NA
"166","RALPH D. GANTS","SUPREME JUDICIAL COURT","ASSOC. JUSTICE","ONE PEMBERTON SQ. BOSTON, MA 02108-1750","2012-04-10",NA,NA,NA
"167","JANICE M. BENNY","MASS APPEALS COURT","ASSOC. JUSTICE","John Adams Courthouse","2012-04-12",NA,NA,NA
"168","FREDERICK L. BROWN","MASS APPEALS COURT","ASSOC. JUSTICE","John Adams Courthouse","2012-05-16",NA,NA,NA
"169","JUDD J. CARHART","MASS APPEALS COURT","JUDGE","John Adams Courthouse","2012-03-31",NA,NA,NA
"170","CYNTHIA J. COHEN","MASS APPEALS COURT","ASSOC. JUSTICE","JOHNADAMS COURTHOUSE ONE PEMBERTON SQ BOSTON MA 02108","2012-03-24",NA,NA,NA
"171","ANDRE A. GELINAS","MASS APPEALS COURT","ASSOC. JUSTICE, RECALL","JOHNADAMS COURTHOUSE SUITE3500 ONE PEMBERTON SQ BOSTON MA 02108","2012-05-04",NA,NA,NA
"172","HON. ROBERT M. GRAHAM","MASS APPEALS COURT","ASSOC. JUSTICE","John Adams Courthouse","2012-04-27",NA,NA,NA
"173","ANDREW GRAINGER","MASS APPEALS COURT","ASSOC. JUSTICE","One Pemberton Square","2012-01-10",NA,NA,NA
"174","JOSEPH A. GRASSO, JR.","MASS APPEALS COURT","JUSTICE","One Pemberton Square, SUITE 3-500","2012-02-07",NA,NA,NA
"175","SYDNEY HANLON","MASS APPEALS COURT","ASSOC. JUSTICE","JOHNADAMS COURTHOUSE ONE PEMBERTON SQ BOSTON MA 02108","2012-04-13",NA,NA,NA
"176","SCOTT L. KATKER","MASS APPEALS COURT","ASSOC. JUSTICE","One Pemberton Square,","2012-04-11",NA,NA,NA
"177","R. MARC KANTROWITZ","MASS APPEALS COURT","ASSOC. JUSTICE","JOHNADAMS COURTHOUSE ONE PEMBERTON SQ BOSTON MA 02108","2012-03-25",NA,NA,NA
"178","JAMES F. MCHUGH","MASS APPEALS COURT","ASSOC. JUSTICE","JOHNADAMS COURTHOUSE ONE PEMBERTON SQ BOSTON MA 02108","2012-03-14",NA,NA,NA
"179","WILLIAM J. MEADE","MASS APPEALS COURT","ASSOC. JUSTICE","JOHNADAMS COURTHOUSE ONE PEMBERTON SQ BOSTON MA 02109","2012-01-27",NA,NA,NA
"180","PHILLIP RAPOZA","MASS APPEALS COURT","CHIEF JUSTICE","JOHNADAMS COURTHOUSE ONE PEMBERTON SQ BOSTON MA 02109","2012-04-12",NA,NA,NA
"181","PETER J. RUBIN","MASS APPEALS COURT","ASSOC. JUSTICE","JOHNADAMS COURTHOUSE ONE PEMBERTON SQ BOSTON MA 02108","2012-04-09",NA,NA,NA
"182","MITCHELL J. SIKORA, JR.","MASS APPEALS COURT","ASSOC. JUSTICE","JOHNADAMS COURTHOUSE ONE PEMBERTON SQ BOSTON MA 02108","2012-04-10",NA,NA,NA
"183","KENT B. SMITH","MASS APPEALS COURT",NA,"JOHNADAMS COURTHOUSE ONE PEMBERTON SQ BOSTON MA 02108","2012-02-10",NA,NA,NA
"184","JOSEFH A. TRAINOR","MASS APPEALS COURT","ASSOC. JUSTICE","JOHNADAMS COURTHOUSE ONE PEMBERTON SQ BOSTON MA 02108","2012-04-04",NA,NA,NA
"185","ROBERT J. CORDY","SUPREME JUDICIAL COURT","ASSOC. JUSTICE","ONE PEMBERTON SQ. BOSTON, MA 02108-1750","2013-02-25",NA,NA,NA
"186","FRANCIS X. SPINA","SUPREME JUDICIAL COURT","ASSOC. JUSTICE","ONE PEMBERTON SQ. BOSTON, MA 02108-1750","2013-06-10",NA,NA,NA
"187","RODERICK IRELAND","SUPREME JUDICIAL COURT","CHIEF JUSTICE","JOHNADAMS COURTHOUSE SUITE 2500 ONE PEMBERTON SQ BOSTON MA 02108","2013-04-15",NA,NA,NA
"188","BARBARA A. LENK","SUPREME JUDICIAL COURT","ASSOC. JUSTICE","JOHNADAMS COURTHOUSE SUITE 2500 ONE PEMBERTON SQ BOSTON MA 02108","2013-04-08",NA,NA,NA
"189","RALPH D. GANTS","SUPREME JUDICIAL COURT","ASSOC. JUSTICE","ONE PEMBERTON SQ. BOSTON, MA 02108-1750","2013-03-09",NA,NA,NA
"190","PETER W. AGNESS JR.","MASS APPEALS COURT","ASSOC. JUSTICE","JOHNADAMS COURTHOUSE SUITE 2500 ONE PEMBERTON SQ BOSTON MA 02108","2013-04-13",NA,NA,NA
"191","JANICE M. BENNY","MASS APPEALS COURT","ASSOC. JUSTICE","John Adams Courthouse","2013-04-11",NA,NA,NA
"192","FREDERICK L. BROWN","MASS APPEALS COURT","JUSTICE","ONE PEMBERTON SQ. BOSTON, MA 02108-1750","2013-04-04",NA,NA,NA
"193","JUDD J. CARHART","MASS APPEALS COURT",NA,"John Adams Courthouse","2013-03-22",NA,NA,NA
"194","CYNTHIA J. COHEN","MASS APPEALS COURT","ASSOC. JUSTICE","ONE PEMBERTON SQ. BOSTON, MA 02108-1750","2013-01-29",NA,NA,NA
"195","HOU. AUDRE A. GELCUAS","MASS APPEALS COURT","ASSOC. JUSTICE (RECALL)","JOHNADAMS COURTHOUSE SUITE 2500 ONE PEMBERTON SQ BOSTON MA 02108","2013-04-10",NA,NA,NA
"196","ROBERT M. GRAHAM","MASS APPEALS COURT","ASSOC. JUSTICE","ONE PEMBERTON SQ. BOSTON, MA 02108-1750","2013-04-09",NA,NA,NA
"197","ANDREW GRAINGER","MASS APPEALS COURT","ASSOC. JUSTICE","ONE PEMBERTON SQ. BOSTON, MA 02108-1751","2013-01-23",NA,NA,NA
"198","JOSEPH A. GRASSO, JR.","MASS APPEALS COURT","JUSTICE","ONE PEMBERTON SQ. BOSTON, MA 02108-1752","2013-02-04",NA,NA,NA
"199","SYDNEY HANLON","MASS APPEALS COURT","ASSOC. JUSTICE","ONE PEMBERTON SQ. BOSTON, MA 02108-1752","2013-04-10",NA,NA,NA
"200","SCOTT L. KATKER","MASS APPEALS COURT","ASSOC. JUSTICE","ONE PEMBERTON SQ. BOSTON, MA 02108-1752","2013-04-10",NA,NA,NA
"201","R. MARC KANTROWITZ","MASS APPEALS COURT","ASSOC. JUSTICE","ONE PEMBERTON SQ. BOSTON, MA 02108-1752","2013-03-08",NA,NA,NA
"202","JAMES F. MCHUGH","MASS APPEALS COURT","ASSOC. JUSTICE","ONE PEMBERTON SQ. BOSTON, MA 02108-1753","2013-04-05",NA,NA,NA
"203","WILLIAM J. MEADE","MASS APPEALS COURT","ASSOC. JUSTICE","ONE PEMBERTON SQ. BOSTON, MA 02108-1753","2013-03-01",NA,NA,NA
"204","PHILLIP RAPOZA","MASS APPEALS COURT","CHIEF JUSTICE","ONE PEMBERTON SQ. BOSTON, MA 02108","2013-04-01",NA,NA,NA
"205","PETER J. RUBIN","MASS APPEALS COURT","ASSOC. JUSTICE","JOHNADAMS COURTHOUSE ONE PEMBERTON SQ BOSTON MA 02108","2013-04-02",NA,NA,NA
"206","MITCHELL J. SIKORA, JR.","MASS APPEALS COURT","ASSOC. JUSTICE","JOHNADAMS COURTHOUSE ONE PEMBERTON SQ BOSTON MA 02108","2012-03-25",NA,NA,NA
"207","JOSEFH A. TRAINOR","MASS APPEALS COURT","ASSOC. JUSTICE","JOHNADAMS COURTHOUSE ONE PEMBERTON SQ BOSTON MA 02108","2013-04-12",NA,NA,NA
"208","ROBERT J. CORDY","SUPREME JUDICIAL COURT","JUSTICE","ONE PEMBERTON SQ. BOSTON, MA 02108-1750","2014-04-01",NA,NA,NA
"209","RODERICK IRELAND","SUPREME JUDICIAL COURT",NA,"JOHNADAMS COURTHOUSE SUITE 2500 ONE PEMBERTON SQ BOSTON MA 02108","2014-04-15",NA,NA,NA
"210","BARBARA A. LENK","SUPREME JUDICIAL COURT","ASSOC. JUSTICE","JOHNADAMS COURTHOUSE SUITE 2500 ONE PEMBERTON SQ BOSTON MA 02108","2014-04-06",NA,NA,NA
"211","FRANCIS X. SPINA","SUPREME JUDICIAL COURT","ASSOC. JUSTICE","ONE PEMBERTON SQ. BOSTON, MA 02108-1750","2014-01-21",NA,NA,NA
"212","RALPH D. GANTS","SUPREME JUDICIAL COURT","ASSOC. JUSTICE","ONE PEMBERTON SQ. BOSTON, MA 02108-1750","2014-04-02",NA,NA,NA
"213","PETER W. AGNESS JR.","MASS APPEALS COURT","ASSOC. JUSTICE","JOHNADAMS COURTHOUSE SUITE 2500 ONE PEMBERTON SQ BOSTON MA 02108","2014-03-17",NA,NA,NA
"214","JANICE M. BENNY","MASS APPEALS COURT","ASSOC. JUSTICE","John Adams Courthouse","2014-04-14",NA,NA,NA
"215","FREDERICK L. BROWN","MASS APPEALS COURT","JUSTICE","ONE PEMBERTON SQ. BOSTON, MA 02108-1750","2014-04-07",NA,NA,NA
"216","JUDD J. CARHART","MASS APPEALS COURT",NA,"John Adams Courthouse","2014-03-23",NA,NA,NA
"217","CYNTHIA J. COHEN","MASS APPEALS COURT","ASSOC. JUSTICE","JOHNADAMS COURTHOUSE ONE PEMBERTON SQ BOSTON MA 02108","2014-02-05",NA,NA,NA
"218","ROBERT M. GRAHAM","MASS APPEALS COURT","ASSOC. JUSTICE","ONE PEMBERTON SQ. BOSTON, MA 02108-1750","2014-04-02",NA,NA,NA
"219","ANDREW GRAINGER","MASS APPEALS COURT","ASSOC. JUSTICE","ONE PEMBERTON SQ. BOSTON, MA 02108-1751","2014-01-13",NA,NA,NA
"220","JOSEPH A. GRASSO, JR.","MASS APPEALS COURT","JUSTICE","ONE PEMBERTON SQ. BOSTON, MA 02108-1752","2014-02-03",NA,NA,NA
"221","SYDNEY HANLON","MASS APPEALS COURT","ASSOC. JUSTICE","ONE PEMBERTON SQ. BOSTON, MA 02108-1752","2014-04-11",NA,NA,NA
"222","SCOTT L. KATKER","MASS APPEALS COURT","ASSOC. JUSTICE","ONE PEMBERTON SQ. BOSTON, MA 02108-1752","2014-04-10",NA,NA,NA
"223","R. MARC KANTROWITZ","MASS APPEALS COURT","ASSOC. JUSTICE","ONE PEMBERTON SQ. BOSTON, MA 02108-1752","2014-03-04",NA,NA,NA
"224","WILLIAM J. MEADE","MASS APPEALS COURT","ASSOC. JUSTICE","ONE PEMBERTON SQ. BOSTON, MA 02108-1753","2014-03-19",NA,NA,NA
"225","PHILLIP RAPOZA","MASS APPEALS COURT","CHIEF JUSTICE","JOHNADAMS COURTHOUSE ONE PEMBERTON SQ BOSTON MA 02109","2014-04-12",NA,NA,NA
"226","PETER J. RUBIN","MASS APPEALS COURT","ASSOC. JUSTICE","JOHNADAMS COURTHOUSE ONE PEMBERTON SQ BOSTON MA 02108","2014-01-28",NA,NA,NA
"227","MITCHELL J. SIKORA, JR.","MASS APPEALS COURT","ASSOC. JUSTICE","JOHNADAMS COURTHOUSE ONE PEMBERTON SQ BOSTON MA 02108","2014-03-02",NA,NA,NA
"228","GABRIELLE R. WOLOHOJIAN","MASS APPEALS COURT","ASSOC. JUSTICE","JOHNADAMS COURTHOUSE ONE PEMBERTON SQ BOSTON MA 02109","2014-01-13",NA,NA,NA
